{
    "baseFarMultiply": 7.200000000000004,
    "baseHighMultiply": 1.3100000000000003
}