{
    "baseFarMultiply": 4.400000000000001,
    "baseHighMultiply": 1.1700000000000002
}