{
    "baseFarMultiply": 5.400000000000002,
    "baseHighMultiply": 1.2200000000000002
}