{
    "baseFarMultiply": 3.0000000000000004,
    "baseHighMultiply": 1.5000000000000004
}