{
    "baseFarMultiply": 3.800000000000001,
    "baseHighMultiply": 1.1400000000000001
}