{
    "baseFarMultiply": 6.600000000000003,
    "baseHighMultiply": 1.2800000000000002
}