{
    "baseFarMultiply": 6.000000000000003,
    "baseHighMultiply": 1.2500000000000002
}