{
    "baseFarMultiply": 6.800000000000003,
    "baseHighMultiply": 1.2900000000000003
}